0.56818,0.14723,0.12206,0.13858,0.13009,0.14713,0.11775,0.11715,0.13258,0.1227,0.12309,0.12617,0.1301,0.13098,0.14458,0.11691,0.16984,0.15193,0.11547,0.12282,0.1197,0.12754,0.12263,0.12424,0.13571,0.12894,0.16708,0.12231,0.13855,0.13218,0.12276,0.11275,0.11919,0.2639,0.13036,0.1216,0.14578,0.12276,0.16259,0.11774,0.18911,0.89113,0.15437,0.12225,0.159,0.1336,0.11686,0.14838,0.42513,0.46986,0.1331,0.2257,0.13563,0.12556,0.12287,0.12048,0.99672,0.20792,0.64941,0.13593,0.17613,0.14517,0.13021,0.14557
0.14261,0.14122,0.12448,0.13099,0.12531,0.12482,0.12459,0.12685,0.52175,0.15928,0.12845,0.13148,0.1261,0.24012,0.12376,0.13576,0.5786,0.14633,0.19186,0.13469,0.12462,0.17117,0.11971,0.12798,0.23514,0.37444,0.13063,0.16762,0.1404,0.11832,0.14104,0.12529,0.99632,0.12276,0.11958,0.12735,0.11669,0.13574,0.13932,0.12721,0.42407,0.12262,0.19605,0.12509,0.13889,0.13954,0.11421,0.11675,0.92122,0.18135,0.18079,0.15576,0.1171,0.11247,0.12872,0.11733,0.15725,0.2339,0.19543,0.12408,0.12739,0.1169,0.12043,0.12254
0.99607,0.32817,0.19526,0.12715,0.12405,0.13307,0.13935,0.1078,0.13294,0.16632,0.1406,0.1368,0.12278,0.13533,0.1444,0.12369,0.2015,0.13621,0.13365,0.13191,0.11404,0.12292,0.11877,0.12152,0.46131,0.1383,0.14443,0.12184,0.15541,0.12696,0.12156,0.12194,0.1425,0.89039,0.14944,0.11978,0.12473,0.1262,0.12031,0.12935,0.77648,0.13667,0.13241,0.12276,0.12299,0.12311,0.15089,0.10926,0.23708,0.43691,0.2477,0.194,0.14881,0.15508,0.13804,0.13212,0.99651,0.13301,0.16937,0.12391,0.15696,0.15249,0.12052,0.1586
0.6052,0.22549,0.12571,0.12698,0.14849,0.12278,0.11994,0.12724,0.12392,0.1512,0.12715,0.11443,0.13294,0.13425,0.12117,0.12268,0.75232,0.13413,0.12088,0.12837,0.11885,0.12568,0.11712,0.11985,0.99642,0.9728,0.14615,0.11889,0.12847,0.17153,0.1318,0.1189,0.13068,0.49443,0.17481,0.19484,0.12121,0.12217,0.11895,0.12009,0.2044,0.14377,0.17727,0.12901,0.11662,0.12052,0.12494,0.13423,0.99615,0.13084,0.12519,0.16939,0.15864,0.14799,0.16074,0.1241,0.53626,0.12921,0.14547,0.1181,0.11636,0.12699,0.13085,0.12392
0.12781,0.13295,0.13513,0.12737,0.14044,0.12712,0.13786,0.13582,0.12677,0.13338,0.12286,0.12435,0.12408,0.13633,0.12425,0.11649,0.28933,0.19553,0.14077,0.134,0.14009,0.12237,0.12567,0.12895,0.57069,0.17359,0.13793,0.15824,0.15518,0.11418,0.14114,0.11271,0.12522,0.12885,0.13591,0.11795,0.12189,0.11808,0.13562,0.12981,0.25801,0.17788,0.13608,0.13147,0.12652,0.11895,0.1217,0.12086,0.36992,0.25823,0.13372,0.1407,0.18395,0.12486,0.12752,0.12676,0.15088,0.19191,0.16283,0.12729,0.12455,0.16262,0.12366,0.11792
0.12339,0.13477,0.12557,0.12376,0.12031,0.11393,0.1186,0.11868,0.64939,0.16797,0.12938,0.12362,0.13025,0.12039,0.12807,0.13166,0.12888,0.26509,0.22553,0.16854,0.12439,0.1632,0.15143,0.12311,0.99524,0.12471,0.13103,0.16623,0.11705,0.11425,0.12192,0.13266,0.11673,0.14732,0.1696,0.14105,0.13504,0.13587,0.12668,0.12317,0.14226,0.15586,0.12658,0.12265,0.13492,0.13071,0.11623,0.12377,0.32979,0.1389,0.12779,0.13455,0.14474,0.16061,0.17694,0.12154,0.16284,0.12716,0.21958,0.16138,0.16308,0.11985,0.134,0.15425
0.12471,0.1261,0.14149,0.13403,0.14638,0.14738,0.12967,0.13993,0.98902,0.13269,0.13243,0.12607,0.13636,0.13218,0.13839,0.12313,0.12587,0.12272,0.11885,0.13156,0.12498,0.13135,0.12092,0.12663,0.99364,0.14017,0.17058,0.12479,0.1155,0.13517,0.11675,0.13077,0.12137,0.14513,0.14727,0.1485,0.12306,0.1227,0.12798,0.13642,0.99637,0.12338,0.36242,0.12786,0.12656,0.14364,0.11369,0.16201,0.36256,0.18522,0.31066,0.14133,0.12806,0.11591,0.15357,0.13306,0.99659,0.56425,0.15994,0.12756,0.21906,0.12172,0.11915,0.12979
0.74129,0.20164,0.11839,0.14792,0.13422,0.12344,0.12269,0.11566,0.5796,0.12409,0.41418,0.14633,0.16699,0.127,0.11623,0.12822,0.17832,0.12763,0.12326,0.12348,0.12048,0.17028,0.11794,0.13388,0.13675,0.12335,0.14454,0.15223,0.15668,0.14117,0.13682,0.17931,0.9118,0.16385,0.13888,0.1361,0.12605,0.13089,0.13713,0.12678,0.99395,0.19287,0.12641,0.14947,0.11951,0.12377,0.12328,0.12426,0.34412,0.29872,0.12587,0.1354,0.15899,0.1307,0.11177,0.12188,0.51117,0.62975,0.37446,0.18774,0.12353,0.13632,0.12016,0.12834
0.29883,0.17547,0.14909,0.13706,0.12494,0.13168,0.13046,0.11842,0.69508,0.15847,0.11317,0.18388,0.2676,0.12486,0.13328,0.12747,0.99669,0.1472,0.124,0.12402,0.13501,0.11683,0.12443,0.12674,0.16652,0.60544,0.13248,0.12801,0.12216,0.13079,0.17508,0.13442,0.78964,0.12432,0.26112,0.12606,0.12033,0.12596,0.11782,0.12302,0.52113,0.24891,0.14206,0.16326,0.14072,0.16605,0.11628,0.11337,0.5186,0.14328,0.12976,0.13801,0.14546,0.12115,0.17705,0.11391,0.33475,0.28758,0.13086,0.1379,0.12683,0.25267,0.12207,0.11692
0.14624,0.14723,0.13253,0.14864,0.13978,0.11963,0.1239,0.11871,0.32337,0.12727,0.14747,0.12933,0.124,0.12737,0.12467,0.11708,0.84162,0.12295,0.12707,0.12047,0.14059,0.12326,0.12405,0.13888,0.85935,0.16371,0.16435,0.13321,0.13094,0.12201,0.11572,0.11697,0.12952,0.56337,0.19922,0.1214,0.23621,0.12689,0.12066,0.13679,0.35127,0.79159,0.20288,0.12378,0.1398,0.13853,0.14151,0.13112,0.96405,0.14867,0.13614,0.13192,0.22407,0.13421,0.12952,0.11779,0.45808,0.14765,0.17524,0.14431,0.12646,0.14277,0.14315,0.15526
0.14485,0.14324,0.15216,0.12687,0.11838,0.12494,0.11846,0.11783,0.4162,0.16258,0.26867,0.12105,0.13611,0.11924,0.12016,0.11908,0.27489,0.41102,0.16558,0.13117,0.13004,0.13027,0.13162,0.11929,0.99082,0.13816,0.15347,0.12032,0.18033,0.13321,0.12092,0.11579,0.99371,0.12706,0.13721,0.13022,0.1219,0.128,0.12543,0.12311,0.53571,0.58895,0.15761,0.13746,0.14619,0.15473,0.12631,0.11822,0.99361,0.14489,0.13005,0.14323,0.12646,0.13964,0.13681,0.13001,0.7084,0.18919,0.15916,0.12342,0.12215,0.12067,0.12242,0.12055
0.7388,0.11881,0.12284,0.17333,0.24551,0.12066,0.12782,0.11991,0.14827,0.12023,0.1444,0.11832,0.20208,0.12903,0.13592,0.12282,0.63629,0.14182,0.13729,0.12643,0.14641,0.12759,0.12253,0.12413,0.85958,0.12028,0.14307,0.12346,0.16222,0.12271,0.1272,0.12034,0.68803,0.48633,0.14732,0.12923,0.13148,0.14189,0.13873,0.12629,0.80873,0.13516,0.13662,0.12052,0.13804,0.12423,0.12793,0.11892,0.9963,0.16146,0.13025,0.15951,0.1389,0.13159,0.12321,0.12155,0.81051,0.30648,0.1823,0.1201,0.14472,0.11506,0.15401,0.12453
0.58586,0.13493,0.21476,0.11355,0.19657,0.12298,0.12089,0.12503,0.99627,0.13442,0.11838,0.15048,0.12188,0.14792,0.11877,0.11588,0.75504,0.12353,0.45334,0.13362,0.15866,0.12371,0.12595,0.11446,0.67182,0.13745,0.11868,0.13966,0.12518,0.15561,0.12487,0.12819,0.91687,0.65756,0.1103,0.12278,0.12956,0.12959,0.12876,0.12651,0.26557,0.13166,0.1347,0.13151,0.22217,0.11851,0.12419,0.12521,0.13036,0.1619,0.12685,0.12342,0.1199,0.13071,0.1233,0.12413,0.99621,0.16787,0.4011,0.1273,0.11492,0.1188,0.17202,0.1178
0.19936,0.21497,0.12137,0.12426,0.11414,0.12816,0.12169,0.13105,0.45048,0.73617,0.12153,0.12784,0.126,0.11941,0.12851,0.13242,0.39727,0.24262,0.1389,0.12964,0.12733,0.12877,0.12633,0.12399,0.28598,0.18848,0.14324,0.13257,0.1116,0.12988,0.13011,0.13495,0.24174,0.19904,0.13622,0.13764,0.12125,0.12493,0.11835,0.11511,0.54071,0.15292,0.1777,0.12147,0.13946,0.12558,0.12279,0.128,0.95198,0.42331,0.12077,0.12743,0.14816,0.11964,0.11593,0.16533,0.57155,0.1798,0.1488,0.12492,0.12279,0.12469,0.12124,0.17558
0.25146,0.18395,0.15965,0.12814,0.13334,0.1249,0.13071,0.13361,0.17434,0.12545,0.12531,0.14012,0.13508,0.13067,0.11598,0.121,0.13276,0.34436,0.13845,0.15431,0.13489,0.12422,0.11822,0.1714,0.1192,0.17854,0.17193,0.33952,0.12121,0.13824,0.11887,0.14805,0.55968,0.56521,0.12586,0.12869,0.1283,0.12789,0.14325,0.12514,0.20655,0.15002,0.24219,0.14252,0.11772,0.1605,0.11716,0.14018,0.26203,0.12452,0.12987,0.12109,0.1201,0.12007,0.12009,0.12631,0.57007,0.28943,0.12668,0.12476,0.14679,0.16323,0.19559,0.13062
0.12491,0.17149,0.12858,0.14601,0.12768,0.12123,0.11236,0.12678,0.23506,0.14663,0.12993,0.11979,0.12974,0.13135,0.11914,0.12205,0.75553,0.59061,0.22278,0.12225,0.13088,0.12563,0.11418,0.11841,0.1185,0.1186,0.13567,0.14535,0.20792,0.1268,0.11577,0.1214,0.36804,0.33918,0.17254,0.13432,0.1226,0.13647,0.12412,0.13133,0.36953,0.1355,0.31271,0.16423,0.12175,0.12636,0.13143,0.134,0.5785,0.12414,0.18484,0.12596,0.13623,0.13231,0.1232,0.12747,0.84389,0.80477,0.12974,0.1478,0.12373,0.12294,0.13632,0.13428
0.40135,0.10996,0.12503,0.12289,0.12344,0.12096,0.12367,0.12704,0.16529,0.25178,0.1533,0.13244,0.12767,0.12894,0.11937,0.12301,0.14069,0.1403,0.14451,0.13032,0.13406,0.11701,0.12212,0.12416,0.19523,0.13666,0.16299,0.13256,0.1213,0.12669,0.12349,0.12642,0.45902,0.12049,0.22532,0.14891,0.11814,0.11761,0.1345,0.15148,0.51651,0.21531,0.16229,0.12408,0.17308,0.13643,0.11426,0.11688,0.48168,0.14057,0.13031,0.13167,0.11278,0.12182,0.11667,0.12661,0.99684,0.21209,0.12786,0.13394,0.23062,0.12488,0.11787,0.1758
0.73765,0.15644,0.13071,0.11861,0.15299,0.12206,0.11689,0.13312,0.12512,0.5339,0.12074,0.11741,0.16656,0.15955,0.16857,0.12195,0.57416,0.13494,0.12465,0.12591,0.11186,0.15343,0.12361,0.11903,0.76371,0.13994,0.18706,0.11949,0.22631,0.12214,0.12934,0.12539,0.40592,0.28853,0.12049,0.13333,0.11953,0.14066,0.12627,0.13498,0.47151,0.12348,0.11836,0.11677,0.15157,0.20677,0.11182,0.11432,0.18024,0.18507,0.12023,0.16152,0.11939,0.1207,0.14063,0.12262,0.98817,0.15782,0.43416,0.16016,0.15026,0.12716,0.135,0.13455
0.1353,0.14366,0.14088,0.17035,0.11435,0.12814,0.13354,0.12788,0.23003,0.13096,0.12963,0.13224,0.13886,0.13406,0.12397,0.12003,0.14366,0.14523,0.11697,0.13896,0.13978,0.11795,0.12103,0.12413,0.37104,0.33541,0.13069,0.12321,0.1167,0.12197,0.11975,0.11462,0.1719,0.15532,0.14512,0.16153,0.12501,0.13155,0.11949,0.11831,0.9962,0.19007,0.14112,0.14265,0.12994,0.11701,0.11609,0.14534,0.78821,0.14239,0.14271,0.14956,0.12226,0.15298,0.11388,0.11557,0.56594,0.46879,0.1498,0.14753,0.11948,0.14325,0.12343,0.15735
0.13894,0.19413,0.1309,0.13685,0.12969,0.12604,0.11288,0.12433,0.21415,0.13168,0.16881,0.13431,0.13653,0.14245,0.11878,0.13689,0.77507,0.12156,0.14343,0.12139,0.12527,0.16405,0.12264,0.12202,0.31415,0.12932,0.19278,0.11241,0.14222,0.11776,0.12489,0.14343,0.56643,0.13834,0.15065,0.11716,0.12587,0.13708,0.13595,0.13781,0.57974,0.13597,0.18947,0.13444,0.13143,0.12095,0.1251,0.12521,0.37198,0.38261,0.20494,0.14196,0.12877,0.11188,0.13063,0.15033,0.30278,0.13712,0.1352,0.14817,0.12813,0.17675,0.1772,0.12483
0.33662,0.16597,0.13375,0.13963,0.12816,0.11864,0.12202,0.12886,0.3466,0.17404,0.12094,0.12499,0.1717,0.11752,0.11656,0.19537,0.64673,0.21928,0.29378,0.15438,0.11465,0.14272,0.12992,0.1238,0.18345,0.23284,0.1864,0.12803,0.14594,0.1122,0.15767,0.12718,0.69267,0.12406,0.13178,0.13716,0.14162,0.12908,0.16117,0.13578,0.9965,0.15326,0.15775,0.11837,0.12664,0.12395,0.1267,0.12135,0.87526,0.15013,0.13506,0.11309,0.11777,0.16438,0.14218,0.11641,0.86926,0.71555,0.16129,0.13045,0.19589,0.14044,0.13761,0.145
0.1519,0.1154,0.11655,0.12072,0.12959,0.12631,0.1319,0.1402,0.14313,0.11776,0.14437,0.12352,0.17716,0.12899,0.13245,0.12049,0.8458,0.27986,0.13987,0.12958,0.14181,0.13668,0.14157,0.12612,0.78281,0.11114,0.12223,0.14827,0.18851,0.16903,0.15635,0.1438,0.14585,0.13858,0.1409,0.13546,0.15815,0.24268,0.1254,0.12004,0.9965,0.23861,0.12843,0.12829,0.15519,0.12909,0.12282,0.14133,0.72157,0.13439,0.14652,0.18611,0.13567,0.13621,0.1257,0.11295,0.99655,0.49776,0.17683,0.14063,0.15373,0.14812,0.11605,0.11974
0.13159,0.19808,0.15241,0.13401,0.15164,0.12519,0.11194,0.12582,0.28104,0.12309,0.16145,0.14445,0.11776,0.12245,0.12693,0.12335,0.36847,0.19343,0.15077,0.15059,0.13104,0.1305,0.15187,0.14315,0.61845,0.39608,0.23182,0.12911,0.11914,0.12869,0.12237,0.12391,0.99673,0.1531,0.15166,0.11594,0.12692,0.1252,0.14199,0.12109,0.75502,0.14779,0.13106,0.1687,0.13656,0.13147,0.1271,0.12018,0.80046,0.14684,0.14032,0.13772,0.13332,0.12902,0.12468,0.1218,0.67854,0.13926,0.25256,0.11942,0.1327,0.12371,0.1552,0.12947
0.43733,0.1514,0.12832,0.15749,0.11585,0.1206,0.12753,0.11328,0.18569,0.24327,0.12853,0.12288,0.15368,0.12943,0.13788,0.12981,0.9965,0.16506,0.14063,0.1285,0.11553,0.14234,0.12302,0.12291,0.21269,0.24259,0.13013,0.11779,0.13783,0.13053,0.12158,0.12022,0.17019,0.2225,0.12102,0.1158,0.11992,0.1272,0.12282,0.12233,0.66012,0.99678,0.12868,0.17114,0.13531,0.12245,0.12653,0.11691,0.63238,0.31218,0.13604,0.12675,0.12316,0.11793,0.1157,0.12295,0.99644,0.16562,0.21574,0.12425,0.12881,0.11394,0.12909,0.13115
0.13005,0.7475,0.12538,0.1174,0.14147,0.1175,0.14237,0.1164,0.34744,0.13709,0.13507,0.13346,0.12624,0.12314,0.12487,0.13332,0.22851,0.14533,0.13122,0.12828,0.12725,0.18342,0.14613,0.12932,0.1471,0.18535,0.25798,0.2116,0.11418,0.12347,0.12389,0.13218,0.33692,0.12454,0.12686,0.11949,0.15197,0.12129,0.13032,0.12283,0.1804,0.15214,0.13009,0.133,0.11842,0.17308,0.12241,0.1404,0.17628,0.40141,0.14457,0.13608,0.13372,0.15858,0.11989,0.11597,0.72487,0.54336,0.14555,0.13255,0.14795,0.16588,0.1158,0.13237
0.3794,0.17711,0.12111,0.14879,0.1274,0.14103,0.14446,0.1234,0.376,0.18846,0.16557,0.14232,0.14558,0.13697,0.1403,0.12589,0.15043,0.16577,0.23147,0.13229,0.18186,0.11774,0.11107,0.11948,0.14495,0.17655,0.15564,0.19967,0.12472,0.11726,0.13553,0.13012,0.63919,0.24461,0.39969,0.12809,0.15529,0.13553,0.13417,0.13012,0.1315,0.18316,0.13116,0.1257,0.13405,0.15214,0.14004,0.117,0.5105,0.17899,0.16133,0.1396,0.12254,0.1219,0.14543,0.1245,0.75583,0.28091,0.17741,0.18657,0.11823,0.12375,0.11598,0.12832
0.30201,0.14237,0.22191,0.14426,0.12547,0.11379,0.12894,0.11553,0.21249,0.55861,0.18375,0.13747,0.13463,0.14111,0.12843,0.1179,0.14206,0.12498,0.15146,0.12523,0.123,0.14239,0.12185,0.11698,0.28024,0.15234,0.14583,0.22263,0.1339,0.1806,0.11515,0.14363,0.99688,0.15593,0.12564,0.1231,0.13066,0.12354,0.11181,0.14069,0.11546,0.12391,0.23378,0.25962,0.13378,0.11315,0.11761,0.1269,0.97915,0.13125,0.12241,0.13984,0.14933,0.14134,0.11651,0.11597,0.98561,0.15987,0.12236,0.14834,0.12461,0.12553,0.12744,0.13676
0.15987,0.13763,0.15514,0.12409,0.13256,0.12775,0.12626,0.11328,0.84722,0.13297,0.17701,0.16513,0.141,0.13052,0.11736,0.11629,0.39216,0.16204,0.11559,0.1273,0.13918,0.13073,0.12021,0.13416,0.92251,0.12393,0.12501,0.12382,0.13569,0.12209,0.12803,0.12005,0.11281,0.15524,0.13303,0.13857,0.14244,0.14237,0.12528,0.16911,0.27013,0.1213,0.13163,0.16633,0.13089,0.12085,0.13621,0.12393,0.66433,0.16839,0.12133,0.11621,0.13249,0.12107,0.12337,0.14274,0.85476,0.1391,0.41008,0.11785,0.12671,0.13833,0.12505,0.11662
0.14945,0.12959,0.13532,0.12792,0.13441,0.1153,0.11746,0.1219,0.23811,0.13526,0.12689,0.15268,0.25689,0.14981,0.13564,0.1246,0.15302,0.39828,0.13215,0.11936,0.12734,0.11918,0.13736,0.13691,0.92081,0.1587,0.15971,0.13593,0.14513,0.12828,0.12265,0.12668,0.14536,0.13432,0.22998,0.12232,0.11888,0.1149,0.12813,0.16084,0.66052,0.19293,0.11354,0.1394,0.13351,0.13293,0.13122,0.13478,0.90258,0.74181,0.1146,0.12448,0.18593,0.13287,0.12461,0.12178,0.99705,0.90013,0.15571,0.12064,0.14443,0.12243,0.12099,0.11273
0.6191,0.12573,0.42806,0.11606,0.13014,0.12877,0.12747,0.11456,0.99645,0.12419,0.1219,0.14675,0.11948,0.15054,0.1168,0.13661,0.95848,0.14945,0.14451,0.13681,0.12691,0.131,0.12779,0.12102,0.99647,0.12524,0.12637,0.15153,0.12886,0.11994,0.16747,0.11354,0.46432,0.2421,0.15251,0.15477,0.14015,0.18479,0.1388,0.1518,0.31549,0.213,0.11793,0.11602,0.11582,0.11944,0.12516,0.11707,0.26964,0.19927,0.17411,0.13106,0.12985,0.12941,0.15396,0.12017,0.966,0.13061,0.1262,0.12311,0.14131,0.12658,0.13964,0.15811
0.1366,0.17017,0.13264,0.12435,0.12833,0.12652,0.13726,0.12351,0.27858,0.14081,0.14266,0.12287,0.12814,0.12621,0.11919,0.12166,0.96156,0.56818,0.13361,0.12492,0.12875,0.11997,0.12158,0.12078,0.15608,0.14268,0.11942,0.14472,0.12199,0.12366,0.12589,0.13388,0.50192,0.13763,0.17641,0.12962,0.14221,0.11565,0.13138,0.11838,0.14283,0.12372,0.12211,0.11833,0.15393,0.11813,0.12748,0.12265,0.91969,0.12191,0.12078,0.14064,0.20624,0.13566,0.13452,0.12997,0.46399,0.61132,0.28481,0.11883,0.15626,0.11551,0.14592,0.12039
0.65935,0.16645,0.17496,0.12511,0.11692,0.11802,0.13412,0.11742,0.27983,0.14407,0.12602,0.11969,0.11689,0.12306,0.12627,0.11788,0.17711,0.14536,0.11712,0.11467,0.12141,0.12628,0.1389,0.12058,0.15191,0.12349,0.1312,0.12109,0.12946,0.12101,0.12383,0.12657,0.39037,0.18166,0.1706,0.1293,0.12508,0.12903,0.13331,0.12182,0.81868,0.37182,0.18382,0.12578,0.13409,0.13082,0.11824,0.11972,0.96381,0.43406,0.13933,0.13894,0.13211,0.12464,0.16185,0.11455,0.65894,0.22102,0.28443,0.15455,0.19307,0.12369,0.1263,0.13206
0.20592,0.1372,0.32863,0.12689,0.11779,0.12986,0.12036,0.13742,0.14882,0.19373,0.11846,0.12229,0.1248,0.1369,0.12607,0.12651,0.12745,0.15575,0.12193,0.11724,0.12867,0.11717,0.11873,0.12813,0.15414,0.30788,0.2262,0.13204,0.14065,0.14003,0.11486,0.1176,0.77202,0.13895,0.20282,0.19083,0.15564,0.12617,0.14053,0.12171,0.57405,0.12348,0.14803,0.12946,0.1247,0.13102,0.12892,0.13551,0.99667,0.12608,0.21701,0.15968,0.1216,0.13074,0.13659,0.112,0.99175,0.25885,0.19548,0.12763,0.1225,0.12668,0.12039,0.11611
0.12199,0.13296,0.14909,0.14323,0.11968,0.11854,0.12173,0.11867,0.14788,0.15101,0.14896,0.12303,0.12133,0.12898,0.13246,0.1323,0.71024,0.14502,0.15947,0.12698,0.12372,0.13411,0.15008,0.12187,0.44037,0.19445,0.12472,0.11586,0.12563,0.1384,0.12569,0.12456,0.77013,0.14706,0.15068,0.16896,0.12404,0.12469,0.13084,0.14559,0.38591,0.46786,0.133,0.13459,0.14646,0.12588,0.12332,0.12894,0.98918,0.69989,0.13668,0.2988,0.13354,0.13207,0.12059,0.12245,0.18746,0.22276,0.15906,0.12606,0.17094,0.14219,0.14129,0.13096
0.99302,0.1461,0.18185,0.1198,0.14567,0.13755,0.12551,0.12442,0.1654,0.15695,0.16389,0.13711,0.14978,0.12882,0.11634,0.11964,0.53546,0.12155,0.12912,0.142,0.11733,0.11214,0.12791,0.13361,0.13637,0.13464,0.17065,0.14708,0.12116,0.12615,0.13208,0.12078,0.24947,0.13508,0.12885,0.13264,0.12854,0.14853,0.1246,0.11567,0.97733,0.12313,0.22231,0.12778,0.12733,0.1406,0.11906,0.12004,0.8807,0.5593,0.20606,0.28318,0.15566,0.11993,0.11601,0.14912,0.29345,0.21698,0.13453,0.12115,0.12011,0.13951,0.1341,0.11536
0.59931,0.13166,0.14715,0.12521,0.13091,0.11882,0.13599,0.12684,0.43823,0.1226,0.15626,0.11885,0.12749,0.12399,0.11891,0.12377,0.99655,0.33441,0.15323,0.14062,0.15256,0.1154,0.13203,0.12111,0.21983,0.19373,0.12633,0.11735,0.11475,0.12915,0.12628,0.18295,0.18645,0.15939,0.13123,0.30613,0.12195,0.12964,0.13801,0.12344,0.99482,0.17845,0.13642,0.13105,0.21196,0.12899,0.12983,0.17782,0.13364,0.32115,0.13074,0.14708,0.13366,0.13847,0.12773,0.10878,0.9963,0.14108,0.17016,0.19111,0.12313,0.13937,0.1542,0.12268
0.55899,0.13304,0.14055,0.16441,0.13655,0.15072,0.14154,0.12868,0.16172,0.12731,0.12156,0.13887,0.12942,0.1204,0.12685,0.11233,0.40451,0.12617,0.14156,0.12174,0.12107,0.13274,0.11431,0.11424,0.40093,0.13137,0.12339,0.18979,0.13267,0.13171,0.16441,0.12411,0.13931,0.12455,0.28283,0.129,0.13873,0.1244,0.1148,0.12054,0.99475,0.61039,0.12741,0.21466,0.11886,0.11876,0.13206,0.12245,0.55904,0.14686,0.2219,0.13697,0.13026,0.12173,0.12699,0.13703,0.28424,0.19407,0.12974,0.14937,0.12403,0.1301,0.12375,0.16158
0.14998,0.14768,0.13854,0.14662,0.13026,0.13539,0.12739,0.13481,0.31427,0.1342,0.13874,0.12616,0.12968,0.12746,0.12835,0.11842,0.23772,0.11724,0.12652,0.26383,0.14359,0.12688,0.13398,0.11474,0.14176,0.11908,0.12333,0.16158,0.16262,0.14681,0.12638,0.12064,0.197,0.28959,0.18962,0.15138,0.12504,0.12739,0.12385,0.13774,0.26119,0.25153,0.23213,0.12541,0.12268,0.12072,0.13883,0.11989,0.57652,0.13609,0.11925,0.13826,0.14247,0.13409,0.14214,0.13689,0.60293,0.56595,0.12502,0.11968,0.11942,0.13995,0.15453,0.12573
0.13212,0.19538,0.1759,0.14206,0.13088,0.12217,0.14658,0.11874,0.80033,0.20428,0.12027,0.15589,0.12522,0.12352,0.16041,0.12174,0.205,0.13184,0.11415,0.13562,0.12997,0.1283,0.13344,0.13635,0.27328,0.16519,0.13467,0.29133,0.13145,0.1715,0.11998,0.13986,0.38224,0.12515,0.15358,0.13683,0.15208,0.12992,0.12055,0.14764,0.22151,0.51017,0.16913,0.1214,0.122,0.13084,0.13243,0.11811,0.56741,0.12401,0.14242,0.18758,0.12193,0.11267,0.11614,0.11509,0.99667,0.58912,0.13069,0.17558,0.12672,0.12602,0.14852,0.13016
0.1391,0.17575,0.21136,0.24351,0.14148,0.12689,0.1345,0.12228,0.15322,0.13019,0.13985,0.14946,0.12176,0.11895,0.13092,0.13647,0.60577,0.13417,0.12761,0.14572,0.22818,0.12509,0.12977,0.12544,0.3016,0.15284,0.13055,0.11516,0.15262,0.14404,0.14419,0.12585,0.54752,0.15324,0.15679,0.16327,0.1192,0.13778,0.12267,0.12627,0.13428,0.11726,0.14715,0.12455,0.12302,0.1179,0.12191,0.11806,0.99647,0.15356,0.31133,0.12684,0.11818,0.13274,0.13507,0.11992,0.76474,0.29256,0.13518,0.19363,0.12393,0.12809,0.12751,0.13003
0.18042,0.12447,0.13733,0.13065,0.21812,0.11463,0.11593,0.11415,0.68303,0.40515,0.11927,0.13175,0.128,0.14181,0.1484,0.12277,0.1344,0.47884,0.17748,0.14868,0.13561,0.13132,0.17832,0.11417,0.16638,0.13442,0.13048,0.18986,0.11837,0.11796,0.15322,0.13299,0.15949,0.34711,0.14248,0.13006,0.14532,0.1363,0.13981,0.12179,0.21952,0.16879,0.12212,0.12438,0.12923,0.14887,0.11906,0.13647,0.69224,0.18565,0.15529,0.38111,0.12694,0.11369,0.15783,0.14692,0.45633,0.36114,0.49963,0.12995,0.13569,0.13598,0.12397,0.13012
0.2429,0.12328,0.12456,0.16048,0.12337,0.12237,0.12626,0.13477,0.59157,0.16573,0.14262,0.11961,0.13991,0.12332,0.12358,0.13252,0.79001,0.16726,0.20349,0.14145,0.15047,0.11789,0.11577,0.11893,0.35412,0.56293,0.14294,0.34091,0.14447,0.12747,0.16792,0.1208,0.45884,0.12682,0.13141,0.15447,0.12876,0.16972,0.14202,0.12847,0.41848,0.12478,0.15143,0.22878,0.1226,0.1418,0.12501,0.12811,0.55778,0.13627,0.13508,0.14414,0.11233,0.11567,0.12151,0.12829,0.63707,0.30033,0.24496,0.12244,0.11629,0.12998,0.1788,0.13346
0.15455,0.14101,0.11673,0.12006,0.1352,0.12131,0.12501,0.12245,0.18283,0.16953,0.12692,0.12904,0.13935,0.11727,0.12365,0.12742,0.13761,0.14722,0.15109,0.18789,0.13356,0.12474,0.10835,0.13573,0.82494,0.17121,0.11967,0.2313,0.12475,0.13342,0.12279,0.15154,0.66792,0.1362,0.13197,0.13439,0.1333,0.12259,0.15497,0.14348,0.3625,0.14633,0.11936,0.12437,0.11576,0.12716,0.11812,0.1245,0.13703,0.18001,0.18951,0.13143,0.12061,0.12091,0.13433,0.11655,0.47494,0.13994,0.14336,0.12269,0.11819,0.14074,0.1279,0.12108
0.20653,0.13399,0.15617,0.12757,0.13848,0.12492,0.11682,0.11997,0.50287,0.12283,0.12263,0.13779,0.13524,0.12381,0.11787,0.11596,0.79551,0.6582,0.14586,0.11643,0.12761,0.12531,0.11817,0.12659,0.62717,0.18935,0.18386,0.13403,0.12872,0.13118,0.1629,0.14466,0.19306,0.34066,0.18376,0.23964,0.11938,0.12735,0.12666,0.13641,0.14201,0.13607,0.19931,0.11854,0.14977,0.13195,0.11671,0.11825,0.99664,0.12287,0.14021,0.13496,0.15951,0.16668,0.1189,0.13518,0.17362,0.94276,0.14718,0.12634,0.11984,0.14394,0.12043,0.12629
0.19072,0.12952,0.15171,0.12216,0.11998,0.12575,0.11948,0.13049,0.78247,0.12239,0.12444,0.11855,0.22318,0.12027,0.11846,0.12018,0.49335,0.14415,0.13282,0.13101,0.15499,0.21502,0.13068,0.12554,0.26192,0.13592,0.14618,0.12429,0.13112,0.11973,0.12174,0.12714,0.3255,0.12952,0.11843,0.12458,0.14197,0.13552,0.13454,0.12024,0.45013,0.1294,0.28649,0.12203,0.11846,0.12034,0.13049,0.12918,0.98081,0.28594,0.12314,0.14264,0.12727,0.12869,0.12887,0.13448,0.43254,0.15852,0.12184,0.14052,0.13516,0.1346,0.12046,0.12337
0.50535,0.11912,0.13097,0.12986,0.12206,0.12379,0.1225,0.12608,0.13838,0.15151,0.12111,0.12389,0.13622,0.12039,0.12984,0.11911,0.13315,0.13324,0.13407,0.13951,0.1226,0.11855,0.12204,0.1223,0.19778,0.12705,0.15436,0.1275,0.19367,0.12569,0.13609,0.1256,0.16678,0.12719,0.3413,0.11504,0.11724,0.11326,0.12934,0.12269,0.13744,0.35301,0.17764,0.19947,0.12157,0.12763,0.11257,0.12358,0.91475,0.12858,0.16737,0.39986,0.13873,0.12614,0.13738,0.12239,0.80316,0.25915,0.11223,0.18499,0.15345,0.12393,0.1358,0.11966
0.13225,0.16031,0.14629,0.12019,0.1209,0.12058,0.12522,0.11742,0.62024,0.12805,0.1414,0.12784,0.14904,0.15872,0.12051,0.11696,0.16235,0.12346,0.16313,0.16874,0.14969,0.13857,0.13028,0.12278,0.30008,0.19224,0.1258,0.18246,0.12566,0.12753,0.11564,0.12369,0.37402,0.17738,0.20051,0.13348,0.12658,0.12999,0.11256,0.12371,0.7238,0.12879,0.20336,0.13052,0.12618,0.12555,0.12499,0.12337,0.99584,0.13738,0.19482,0.1839,0.12943,0.13038,0.11989,0.11702,0.73411,0.15844,0.22898,0.39716,0.12956,0.12326,0.12752,0.14648
0.18711,0.12913,0.24819,0.13728,0.12035,0.13069,0.12006,0.1412,0.13735,0.14304,0.12855,0.13198,0.11614,0.12864,0.1215,0.11719,0.56482,0.14081,0.15099,0.14817,0.13284,0.11889,0.15673,0.11817,0.95831,0.17911,0.13989,0.11894,0.13148,0.12752,0.12461,0.11736,0.54377,0.1595,0.22315,0.14173,0.13162,0.11606,0.24114,0.11756,0.14294,0.13328,0.14995,0.14026,0.1353,0.13004,0.12188,0.1217,0.21572,0.40819,0.22675,0.12496,0.38644,0.19004,0.15175,0.12327,0.99531,0.2996,0.16426,0.1501,0.13386,0.11803,0.1202,0.12879
0.16729,0.15257,0.16482,0.1697,0.11772,0.18203,0.12936,0.11728,0.16538,0.11931,0.14903,0.1303,0.14709,0.12261,0.12521,0.12667,0.99602,0.11881,0.12193,0.12451,0.12493,0.12311,0.13846,0.12251,0.42698,0.24143,0.13433,0.12039,0.15678,0.11504,0.11883,0.13128,0.15176,0.27123,0.19469,0.1577,0.14244,0.1203,0.12849,0.13141,0.88511,0.13556,0.12482,0.13892,0.19158,0.14414,0.14411,0.12839,0.71106,0.1895,0.18161,0.14983,0.14004,0.12184,0.14011,0.11903,0.22394,0.52983,0.17246,0.13897,0.13349,0.13648,0.1178,0.16303
0.27805,0.1424,0.11998,0.11549,0.12694,0.11959,0.15287,0.12497,0.35722,0.15598,0.18224,0.17711,0.12719,0.16099,0.1339,0.12389,0.24475,0.13969,0.18912,0.13231,0.12922,0.1447,0.12927,0.11636,0.17229,0.12701,0.1697,0.11693,0.13086,0.13814,0.12663,0.11969,0.2868,0.16475,0.1233,0.19488,0.13254,0.11716,0.11835,0.12322,0.72911,0.14089,0.12304,0.12496,0.12446,0.132,0.13323,0.11708,0.96997,0.13771,0.15081,0.15717,0.13668,0.14825,0.14948,0.15013,0.99668,0.12906,0.24989,0.13428,0.12099,0.12698,0.11471,0.12345
0.15927,0.43088,0.13132,0.18283,0.13343,0.12975,0.12703,0.11937,0.13652,0.14805,0.13195,0.1325,0.138,0.12091,0.11691,0.15022,0.25484,0.24919,0.48818,0.11907,0.14324,0.13523,0.13638,0.12224,0.34265,0.12018,0.25478,0.12842,0.12907,0.1131,0.11384,0.13278,0.99593,0.27052,0.1182,0.1205,0.13168,0.12181,0.15208,0.12656,0.99677,0.14564,0.21304,0.12383,0.13251,0.13496,0.12353,0.12824,0.99129,0.15502,0.13374,0.16772,0.11548,0.13353,0.12108,0.12081,0.98347,0.52927,0.13251,0.12667,0.1215,0.12456,0.14656,0.15517
0.50127,0.15107,0.16377,0.11904,0.12744,0.14626,0.13126,0.1258,0.35898,0.11942,0.12915,0.12643,0.13813,0.11535,0.13411,0.12245,0.23753,0.15448,0.20455,0.12312,0.15971,0.117,0.11567,0.12861,0.18006,0.17494,0.15107,0.11696,0.12126,0.15706,0.12443,0.12509,0.52668,0.13244,0.13699,0.11922,0.12664,0.12376,0.1217,0.12111,0.22827,0.24471,0.14929,0.12442,0.15074,0.12836,0.15889,0.11122,0.1422,0.14498,0.13329,0.14552,0.1362,0.17631,0.14125,0.13704,0.14783,0.51042,0.30689,0.15708,0.14674,0.20322,0.15383,0.11274
0.13635,0.14886,0.12486,0.15789,0.1227,0.12076,0.12953,0.12731,0.18376,0.14404,0.12151,0.11865,0.11949,0.12437,0.12765,0.11915,0.31393,0.15351,0.19309,0.12828,0.14252,0.11309,0.13415,0.13795,0.39646,0.1269,0.12745,0.12845,0.11978,0.16808,0.13095,0.11904,0.99395,0.15094,0.1574,0.11207,0.12049,0.1773,0.124,0.11998,0.37952,0.32581,0.13292,0.14073,0.12614,0.13395,0.15916,0.14172,0.62947,0.1271,0.13214,0.13921,0.12011,0.14531,0.12625,0.12731,0.15191,0.12989,0.12422,0.12794,0.13276,0.13434,0.14143,0.11801
0.16766,0.12848,0.16147,0.11564,0.12527,0.15976,0.13876,0.1162,0.18193,0.17455,0.14179,0.15846,0.11182,0.12885,0.11978,0.14445,0.16021,0.13498,0.14162,0.20006,0.11524,0.13003,0.12416,0.11758,0.39702,0.11698,0.12228,0.12664,0.1594,0.12626,0.11709,0.12462,0.99378,0.12696,0.12917,0.12823,0.12806,0.11212,0.13114,0.12373,0.18184,0.21743,0.13619,0.11614,0.12919,0.12503,0.118,0.12159,0.13815,0.13776,0.22622,0.11947,0.15861,0.13049,0.14364,0.1595,0.15749,0.14409,0.15021,0.2363,0.12463,0.11873,0.12377,0.16637
0.67343,0.12835,0.1554,0.12657,0.1237,0.12775,0.13535,0.12696,0.7405,0.15369,0.15731,0.16624,0.12914,0.13632,0.12179,0.12726,0.71631,0.48774,0.12228,0.13147,0.12012,0.16665,0.14864,0.12441,0.99635,0.32267,0.13222,0.19947,0.12303,0.11749,0.13825,0.14572,0.72132,0.56399,0.11879,0.13828,0.11893,0.1292,0.11333,0.11933,0.38334,0.11783,0.13456,0.12456,0.12909,0.14787,0.127,0.12169,0.86098,0.14259,0.1868,0.12738,0.14705,0.12423,0.13615,0.13311,0.99613,0.15969,0.13209,0.14764,0.12106,0.13755,0.19866,0.13268
0.16347,0.11879,0.13507,0.11801,0.13346,0.12943,0.12496,0.12466,0.12353,0.11842,0.1238,0.11974,0.14044,0.12382,0.12335,0.12244,0.13044,0.12001,0.12682,0.1284,0.11855,0.14264,0.1123,0.12333,0.3358,0.17882,0.15465,0.12583,0.12199,0.11884,0.1993,0.12,0.2607,0.13562,0.22053,0.12386,0.12473,0.13509,0.13232,0.11795,0.97527,0.13692,0.1442,0.27552,0.14788,0.12375,0.12186,0.11935,0.55283,0.46449,0.1337,0.35268,0.12535,0.17476,0.12482,0.1257,0.36814,0.34494,0.11975,0.13319,0.12636,0.12798,0.12256,0.14442
0.59616,0.12069,0.14921,0.12385,0.12404,0.1377,0.12872,0.12935,0.13628,0.65674,0.12653,0.13823,0.15827,0.11864,0.11927,0.11958,0.14031,0.12357,0.22573,0.14116,0.14397,0.12748,0.12838,0.11955,0.1319,0.1222,0.17127,0.11216,0.13949,0.12967,0.13048,0.12084,0.39117,0.23654,0.11839,0.20301,0.1373,0.11787,0.13604,0.12558,0.99046,0.15281,0.14953,0.11945,0.12789,0.13463,0.15468,0.12821,0.86683,0.14748,0.15402,0.13194,0.14384,0.13151,0.11553,0.12059,0.22221,0.19233,0.39292,0.14304,0.11483,0.10752,0.12144,0.12773
0.11821,0.16856,0.12796,0.12717,0.12065,0.13775,0.11964,0.13661,0.17992,0.12839,0.13057,0.12593,0.11729,0.14031,0.1327,0.13336,0.23043,0.15455,0.25566,0.11781,0.3488,0.20191,0.12875,0.13611,0.37339,0.1508,0.19315,0.15263,0.11111,0.1259,0.11568,0.14874,0.55194,0.1923,0.14222,0.29145,0.11953,0.1229,0.13404,0.12748,0.14076,0.21302,0.15126,0.13131,0.12873,0.14245,0.14461,0.12302,0.34671,0.1367,0.18491,0.13617,0.15734,0.12472,0.12305,0.12972,0.57255,0.12697,0.19267,0.27729,0.15252,0.12043,0.13224,0.12085
0.17327,0.17028,0.12692,0.12691,0.14743,0.12937,0.11803,0.12231,0.19169,0.12626,0.14448,0.23117,0.12576,0.13051,0.13747,0.12473,0.12464,0.23074,0.17902,0.16549,0.12892,0.12336,0.1401,0.17196,0.99637,0.12049,0.13524,0.15066,0.12565,0.12488,0.12437,0.12311,0.22509,0.25993,0.19068,0.1726,0.12791,0.16869,0.12441,0.13948,0.15049,0.26213,0.13608,0.18486,0.13691,0.13344,0.11781,0.11952,0.99636,0.12831,0.33466,0.13689,0.12238,0.11989,0.12327,0.11755,0.99592,0.63763,0.14113,0.18056,0.12339,0.14476,0.11934,0.13181
0.12895,0.17659,0.13558,0.11871,0.12363,0.14597,0.13216,0.11151,0.16836,0.24478,0.12686,0.13352,0.11611,0.11515,0.12317,0.1145,0.22404,0.16726,0.1269,0.1244,0.12872,0.12068,0.12318,0.12567,0.99173,0.14489,0.15991,0.13639,0.13609,0.14521,0.12374,0.12096,0.304,0.13806,0.13799,0.144,0.15488,0.12116,0.12869,0.12782,0.1854,0.14748,0.15244,0.12869,0.11727,0.12078,0.13237,0.13137,0.75613,0.47799,0.13061,0.13464,0.13991,0.12439,0.13108,0.12376,0.99547,0.62108,0.15815,0.14105,0.13115,0.1624,0.14267,0.13508
0.1671,0.18181,0.16314,0.18412,0.13879,0.13262,0.1305,0.13899,0.24276,0.13359,0.1302,0.11555,0.17429,0.13207,0.12646,0.14158,0.54788,0.12818,0.1492,0.11702,0.12592,0.11899,0.12793,0.11668,0.39851,0.12307,0.1245,0.13334,0.13058,0.13657,0.12476,0.12181,0.99161,0.13322,0.18645,0.1183,0.12416,0.12733,0.11824,0.14269,0.24373,0.14835,0.12515,0.11346,0.1151,0.15184,0.13761,0.13191,0.11684,0.45009,0.15569,0.13833,0.11879,0.11591,0.12964,0.12747,0.99532,0.13418,0.30664,0.1525,0.13567,0.15094,0.12188,0.12507
0.26655,0.14139,0.152,0.12257,0.12132,0.12978,0.12193,0.13158,0.34297,0.12628,0.12253,0.15959,0.15781,0.12418,0.13656,0.13813,0.18499,0.13178,0.169,0.12309,0.16679,0.12975,0.12504,0.11966,0.16768,0.17152,0.13058,0.12366,0.11881,0.11934,0.1269,0.11916,0.97249,0.16819,0.12061,0.1229,0.19452,0.11653,0.11859,0.13138,0.35883,0.13061,0.14968,0.12841,0.11896,0.11616,0.11877,0.13183,0.99575,0.13356,0.26693,0.13509,0.13526,0.20472,0.13957,0.122,0.99557,0.4769,0.14781,0.20527,0.13411,0.12734,0.11791,0.1242
0.11764,0.1839,0.1502,0.12568,0.12849,0.13129,0.12861,0.11849,0.99412,0.13762,0.12936,0.12166,0.1277,0.11872,0.12061,0.11831,0.9918,0.13427,0.14915,0.12537,0.12593,0.11804,0.16463,0.12115,0.99641,0.15313,0.13986,0.11929,0.12813,0.13136,0.12601,0.12149,0.99685,0.12696,0.42538,0.13325,0.12462,0.12296,0.12631,0.11776,0.9913,0.1222,0.12426,0.13838,0.12686,0.12108,0.12546,0.12881,0.70914,0.29384,0.15578,0.18408,0.12763,0.11593,0.12182,0.12228,0.31207,0.57313,0.14011,0.13851,0.14342,0.17017,0.12664,0.11499
0.20297,0.251,0.14146,0.10903,0.12818,0.12548,0.12263,0.12526,0.46952,0.12777,0.1339,0.1293,0.11609,0.12149,0.12952,0.15868,0.12518,0.33926,0.14823,0.14199,0.11663,0.1213,0.12333,0.13766,0.44691,0.1466,0.12101,0.13619,0.164,0.13751,0.13749,0.12209,0.15203,0.27592,0.13113,0.15539,0.11655,0.11855,0.13367,0.14314,0.15332,0.16801,0.16527,0.14413,0.13406,0.12449,0.12782,0.13367,0.54908,0.17204,0.44354,0.12469,0.15121,0.11379,0.17005,0.12999,0.65018,0.13928,0.11464,0.13633,0.11829,0.14592,0.14079,0.13361
0.17343,0.14104,0.12262,0.14881,0.12058,0.12393,0.12494,0.11826,0.35194,0.3219,0.12175,0.18222,0.12722,0.11546,0.13529,0.1261,0.64807,0.13532,0.14421,0.12616,0.1158,0.12954,0.11646,0.12232,0.12701,0.14876,0.11967,0.135,0.11729,0.12255,0.12258,0.13359,0.1182,0.12461,0.15833,0.20724,0.13087,0.13471,0.11779,0.12191,0.14505,0.16025,0.13013,0.13564,0.13558,0.13622,0.13091,0.11203,0.94291,0.11822,0.21389,0.14069,0.1608,0.12455,0.1376,0.13814,0.39317,0.12357,0.25954,0.11999,0.13565,0.1201,0.12181,0.14189
0.21096,0.23781,0.15118,0.15116,0.15998,0.14348,0.12567,0.13493,0.12703,0.12659,0.12313,0.12385,0.12044,0.11723,0.11904,0.11671,0.39955,0.11815,0.12412,0.11983,0.11782,0.12517,0.11466,0.12757,0.57323,0.15775,0.13927,0.19784,0.11958,0.12314,0.123,0.12266,0.12234,0.69337,0.13106,0.11822,0.13184,0.12598,0.11338,0.14168,0.84615,0.45286,0.12134,0.12553,0.15144,0.12869,0.1323,0.11873,0.91903,0.2414,0.12698,0.13418,0.12332,0.12512,0.12597,0.13511,0.25257,0.15977,0.12608,0.16785,0.13602,0.12026,0.11748,0.13476
0.17961,0.11584,0.1275,0.13664,0.11578,0.11813,0.134,0.12629,0.39509,0.27636,0.13351,0.12611,0.13666,0.13231,0.13302,0.13145,0.12584,0.13306,0.13253,0.13851,0.12,0.12512,0.17285,0.12011,0.35675,0.28406,0.13695,0.17498,0.12207,0.12457,0.15498,0.15266,0.3008,0.20358,0.1528,0.15589,0.13599,0.12039,0.11401,0.12184,0.96114,0.22546,0.12239,0.13093,0.11624,0.12792,0.12629,0.17854,0.39311,0.12635,0.1261,0.19643,0.12998,0.17419,0.11915,0.12508,0.40912,0.59216,0.46017,0.13297,0.12042,0.11703,0.12708,0.12387
0.33486,0.15986,0.13335,0.15465,0.11739,0.13367,0.14061,0.11635,0.65927,0.1215,0.15522,0.12852,0.12277,0.12375,0.11943,0.1419,0.13539,0.14186,0.12619,0.13658,0.12552,0.11969,0.11822,0.11844,0.4397,0.23983,0.13487,0.29244,0.12617,0.11474,0.11478,0.12225,0.92616,0.12581,0.17426,0.14281,0.13337,0.12239,0.13015,0.1227,0.19723,0.1859,0.16834,0.16164,0.16935,0.12441,0.12217,0.11738,0.94825,0.26169,0.1848,0.12419,0.18583,0.23929,0.13002,0.11604,0.33521,0.34207,0.15273,0.13238,0.13309,0.13842,0.13541,0.13048
0.7776,0.25372,0.13631,0.13441,0.12285,0.14038,0.12557,0.12173,0.17561,0.21619,0.13947,0.12776,0.13094,0.12287,0.12922,0.12084,0.57414,0.13675,0.13732,0.1248,0.13477,0.12491,0.1611,0.12945,0.95185,0.24644,0.1597,0.16896,0.12191,0.11879,0.12463,0.13139,0.51859,0.14748,0.21221,0.17229,0.23359,0.12903,0.13831,0.11613,0.23876,0.27891,0.12058,0.12336,0.10937,0.11436,0.16843,0.12653,0.99255,0.32505,0.14345,0.14617,0.13654,0.12603,0.1904,0.12512,0.47848,0.40612,0.13545,0.12,0.15808,0.131,0.12188,0.14256
0.13458,0.37686,0.12249,0.13366,0.14397,0.12941,0.13531,0.12116,0.32206,0.11842,0.13914,0.16871,0.12825,0.13202,0.1146,0.13416,0.14724,0.1306,0.1285,0.12978,0.12662,0.12148,0.11478,0.12161,0.99574,0.16536,0.12084,0.1293,0.12191,0.13746,0.12786,0.12288,0.28655,0.15398,0.21452,0.12592,0.13544,0.17293,0.14302,0.1178,0.6104,0.11663,0.17686,0.17345,0.15584,0.13572,0.14162,0.12787,0.40571,0.12197,0.16044,0.16729,0.12756,0.14579,0.1108,0.12206,0.99595,0.24264,0.14253,0.12514,0.15397,0.12949,0.12351,0.14703
0.87763,0.1793,0.13674,0.12594,0.13688,0.12973,0.12736,0.1215,0.19049,0.21957,0.14248,0.12312,0.15604,0.12342,0.11918,0.11811,0.18576,0.13705,0.12596,0.18342,0.12004,0.11581,0.1224,0.12621,0.24462,0.13569,0.14667,0.21254,0.14439,0.15126,0.13743,0.12082,0.39889,0.12768,0.1533,0.12741,0.12359,0.1375,0.12031,0.15144,0.63493,0.18987,0.1477,0.12358,0.12838,0.12412,0.12057,0.12174,0.45172,0.2182,0.16869,0.12607,0.11452,0.12647,0.14147,0.12832,0.82666,0.18609,0.12974,0.13539,0.12199,0.15024,0.13011,0.15697
0.28927,0.14645,0.1738,0.18872,0.12137,0.13726,0.12481,0.12184,0.18097,0.12524,0.24353,0.13664,0.1299,0.13489,0.12964,0.11626,0.54293,0.14285,0.13497,0.12744,0.11705,0.13978,0.11287,0.13631,0.2362,0.1359,0.14102,0.13359,0.13015,0.14057,0.15907,0.1479,0.4513,0.12696,0.13367,0.17723,0.11966,0.16555,0.11977,0.1386,0.9867,0.13724,0.15386,0.12601,0.11283,0.1155,0.11736,0.1239,0.86474,0.16803,0.15435,0.15778,0.20701,0.12773,0.16568,0.11891,0.99619,0.21135,0.13197,0.12266,0.13962,0.11964,0.12327,0.11789
0.70996,0.13083,0.12954,0.13418,0.13025,0.11943,0.12406,0.12175,0.26107,0.16229,0.11879,0.13023,0.12038,0.13611,0.21568,0.1254,0.29965,0.12427,0.1197,0.13169,0.15587,0.12621,0.12827,0.13187,0.17315,0.20435,0.12331,0.15429,0.12563,0.11893,0.1196,0.11962,0.25245,0.12976,0.11813,0.15138,0.139,0.11759,0.11258,0.12879,0.99575,0.12469,0.13456,0.12342,0.1282,0.12895,0.12636,0.12049,0.78212,0.29933,0.14184,0.12012,0.16615,0.18851,0.11854,0.12874,0.80627,0.58957,0.12021,0.26338,0.31246,0.13737,0.13512,0.12494
0.1461,0.14748,0.1311,0.11723,0.12657,0.13066,0.12537,0.11352,0.46186,0.23812,0.13129,0.13474,0.12356,0.12914,0.12238,0.11865,0.99559,0.14983,0.13781,0.12624,0.13209,0.187,0.12514,0.13039,0.50325,0.11932,0.53288,0.12465,0.15113,0.13965,0.12129,0.1309,0.12683,0.20789,0.14701,0.22952,0.11404,0.12659,0.14612,0.14258,0.23738,0.12568,0.14023,0.14034,0.12657,0.12945,0.11878,0.1262,0.76667,0.49677,0.15335,0.12359,0.13626,0.12142,0.11825,0.16111,0.96413,0.96953,0.16708,0.1474,0.1329,0.12609,0.12385,0.11296
0.86528,0.13884,0.13348,0.12316,0.13418,0.12915,0.13235,0.1203,0.53137,0.13957,0.13665,0.12552,0.12101,0.12413,0.13197,0.12599,0.19755,0.13533,0.11983,0.14016,0.12766,0.20822,0.1343,0.12031,0.18377,0.17427,0.11796,0.18345,0.1177,0.13476,0.12068,0.12624,0.82997,0.42062,0.15204,0.14813,0.12733,0.12592,0.12126,0.12146,0.6432,0.19845,0.1339,0.1269,0.13436,0.12772,0.13357,0.11258,0.99697,0.16596,0.11885,0.12497,0.12463,0.12516,0.13394,0.12005,0.11455,0.77321,0.11768,0.14067,0.14255,0.13372,0.15359,0.11653
0.22892,0.13496,0.14207,0.12596,0.12735,0.11514,0.12866,0.11273,0.89235,0.17829,0.11828,0.11416,0.12183,0.16086,0.21328,0.12519,0.88457,0.13034,0.18604,0.12187,0.15742,0.1279,0.12654,0.12794,0.19457,0.14857,0.13185,0.13872,0.11877,0.13022,0.12306,0.1263,0.54641,0.12578,0.12935,0.11771,0.14966,0.23309,0.1243,0.16802,0.60167,0.14287,0.16544,0.11372,0.12789,0.11654,0.14639,0.12261,0.99618,0.41847,0.1404,0.12386,0.14714,0.12187,0.16831,0.11945,0.99622,0.18224,0.15151,0.1182,0.16011,0.12931,0.1455,0.1151
0.2468,0.12921,0.19607,0.13255,0.1284,0.12463,0.124,0.13079,0.82159,0.11837,0.14579,0.1731,0.11477,0.14952,0.13212,0.12391,0.15199,0.25385,0.15986,0.12945,0.13235,0.12736,0.1205,0.1267,0.14359,0.35118,0.12071,0.12724,0.14765,0.11727,0.11192,0.12725,0.60541,0.14469,0.12153,0.19709,0.12631,0.12565,0.11514,0.15905,0.98703,0.1253,0.13975,0.14374,0.11739,0.12352,0.12129,0.12323,0.52505,0.11988,0.14566,0.12576,0.12574,0.11644,0.12302,0.11697,0.4221,0.21762,0.24361,0.15209,0.1377,0.12525,0.12501,0.14045
0.24414,0.12525,0.14387,0.1503,0.13708,0.11486,0.15106,0.12171,0.13118,0.16921,0.13429,0.12126,0.12967,0.13514,0.12249,0.11803,0.8035,0.12952,0.11917,0.11905,0.12938,0.111,0.11712,0.12248,0.73524,0.16315,0.18689,0.11962,0.14154,0.12943,0.12809,0.11193,0.56113,0.14404,0.12502,0.13883,0.15225,0.12016,0.12771,0.15795,0.24569,0.24102,0.15724,0.14464,0.1221,0.12258,0.21012,0.1315,0.33909,0.16773,0.13425,0.13647,0.1223,0.12463,0.12636,0.13424,0.98339,0.24951,0.14803,0.16274,0.11776,0.17197,0.11954,0.11641
0.12204,0.13347,0.11666,0.11988,0.11146,0.11891,0.16358,0.12231,0.53813,0.13806,0.14591,0.13614,0.11665,0.18312,0.12273,0.13176,0.46864,0.13563,0.14252,0.12233,0.13727,0.12517,0.14393,0.14182,0.11675,0.13612,0.11667,0.12585,0.15911,0.13886,0.13032,0.1194,0.97083,0.22314,0.14302,0.13538,0.24708,0.13441,0.1233,0.12033,0.28461,0.1228,0.13724,0.12616,0.13366,0.1171,0.13978,0.13738,0.18,0.1232,0.13001,0.16424,0.11617,0.12375,0.12776,0.12294,0.99397,0.41008,0.14683,0.3656,0.13474,0.12675,0.12648,0.12282
0.17902,0.13884,0.18793,0.12451,0.11962,0.1176,0.118,0.14404,0.26811,0.13684,0.13756,0.12032,0.12685,0.12284,0.15485,0.11961,0.28414,0.15806,0.14609,0.12254,0.15323,0.13915,0.12186,0.12144,0.6756,0.15255,0.12756,0.16832,0.14456,0.12087,0.12491,0.1575,0.71991,0.1726,0.15794,0.14089,0.1629,0.13268,0.12564,0.16031,0.22564,0.13875,0.12415,0.30154,0.11774,0.13114,0.13917,0.14458,0.72853,0.23777,0.1256,0.12042,0.12418,0.14057,0.1211,0.14322,0.90537,0.16231,0.15409,0.16313,0.14188,0.22337,0.16003,0.14761
0.1261,0.13108,0.24011,0.14325,0.13521,0.12204,0.14742,0.11345,0.43714,0.13798,0.13775,0.13107,0.12667,0.116,0.14763,0.11479,0.12282,0.12526,0.13688,0.11628,0.12152,0.12897,0.1204,0.12501,0.96482,0.23102,0.12703,0.24099,0.15873,0.12508,0.12908,0.12168,0.1719,0.55294,0.12575,0.14288,0.12979,0.12118,0.12593,0.12765,0.57606,0.12533,0.20538,0.12699,0.12668,0.1182,0.17568,0.12224,0.99623,0.12308,0.13451,0.18808,0.13,0.12367,0.1281,0.1197,0.33415,0.2857,0.52243,0.13539,0.12895,0.13475,0.11548,0.12773
0.22898,0.12431,0.13562,0.17279,0.12555,0.13046,0.12432,0.11401,0.30685,0.15346,0.16783,0.14918,0.12183,0.13284,0.11359,0.13011,0.55193,0.13437,0.12491,0.13695,0.13056,0.12838,0.12386,0.14351,0.18895,0.137,0.16439,0.15394,0.12657,0.20074,0.13124,0.12052,0.14618,0.13221,0.12867,0.1296,0.12582,0.13187,0.13355,0.12037,0.14692,0.24566,0.13275,0.13677,0.14813,0.13543,0.12015,0.12352,0.91114,0.17233,0.13117,0.12281,0.14756,0.13852,0.11784,0.11687,0.55578,0.80757,0.13774,0.11707,0.12622,0.14059,0.12718,0.13754
0.11727,0.12249,0.1401,0.16456,0.11734,0.11559,0.1453,0.11645,0.17618,0.22882,0.1297,0.12446,0.13118,0.12274,0.12132,0.14441,0.13484,0.22821,0.11758,0.12509,0.12392,0.14073,0.11545,0.12512,0.13187,0.16103,0.1289,0.14067,0.15278,0.11091,0.12472,0.11669,0.68606,0.15038,0.20803,0.37432,0.12288,0.11605,0.12514,0.12036,0.14442,0.16149,0.13368,0.15358,0.12147,0.1193,0.12707,0.13495,0.99643,0.84216,0.12322,0.12776,0.13815,0.13628,0.1189,0.12578,0.60924,0.16491,0.14073,0.13004,0.12843,0.13123,0.14504,0.12865
0.66736,0.13479,0.1344,0.11749,0.11925,0.12904,0.11903,0.12905,0.19363,0.15649,0.15136,0.17249,0.12747,0.12348,0.14226,0.11909,0.99637,0.13837,0.1245,0.12987,0.13309,0.12224,0.11821,0.1192,0.12446,0.25882,0.18962,0.16249,0.12571,0.12255,0.11728,0.12066,0.12318,0.17627,0.13862,0.12864,0.12221,0.12059,0.11601,0.12725,0.19323,0.29956,0.23309,0.18219,0.13017,0.14896,0.11572,0.12594,0.31836,0.13078,0.12841,0.12945,0.12203,0.13653,0.116,0.12648,0.53243,0.96635,0.13124,0.11599,0.13757,0.12586,0.15341,0.12517
0.99638,0.12733,0.19933,0.12181,0.13175,0.11948,0.11623,0.12792,0.11974,0.12897,0.13305,0.16509,0.14038,0.1426,0.1209,0.13366,0.88623,0.19942,0.20721,0.12982,0.15912,0.14403,0.13164,0.12741,0.42202,0.20967,0.15721,0.19429,0.12791,0.13234,0.12543,0.12195,0.22866,0.15409,0.20627,0.12028,0.12368,0.13818,0.12553,0.1185,0.9391,0.16199,0.11555,0.13958,0.12363,0.12791,0.17794,0.11799,0.25928,0.14982,0.54766,0.12943,0.1322,0.14526,0.13439,0.12082,0.91822,0.41068,0.1446,0.12616,0.13771,0.12126,0.12123,0.13377
0.99644,0.21129,0.24734,0.11673,0.13183,0.1165,0.12979,0.1145,0.14644,0.19088,0.13069,0.13269,0.14845,0.13045,0.12681,0.14629,0.20247,0.11734,0.12746,0.13798,0.12125,0.11203,0.1307,0.17395,0.23227,0.25878,0.19434,0.14008,0.13234,0.11616,0.13902,0.11277,0.72069,0.56334,0.12898,0.15246,0.13147,0.12197,0.12458,0.12393,0.12625,0.41992,0.14388,0.12993,0.1266,0.15911,0.13548,0.11687,0.99519,0.15687,0.23222,0.1593,0.15673,0.1571,0.11755,0.1151,0.9002,0.12582,0.1231,0.22867,0.13154,0.13602,0.13054,0.12069
0.31022,0.13872,0.12085,0.124,0.11802,0.13319,0.20044,0.12803,0.29376,0.13194,0.13979,0.12956,0.1392,0.12762,0.12031,0.11412,0.65502,0.12597,0.12165,0.12416,0.12811,0.11673,0.11598,0.13479,0.89209,0.12867,0.15989,0.12807,0.12896,0.14858,0.1271,0.11179,0.27024,0.20678,0.17606,0.12593,0.12043,0.16315,0.12491,0.13215,0.13707,0.17492,0.13863,0.16315,0.11771,0.13324,0.13747,0.11428,0.6817,0.25561,0.22993,0.1579,0.12062,0.13215,0.132,0.12292,0.12939,0.23488,0.13111,0.13393,0.12582,0.14208,0.12979,0.13407
0.12061,0.25638,0.12175,0.12979,0.16436,0.12892,0.12816,0.11551,0.14518,0.14378,0.13122,0.13183,0.14064,0.16465,0.11205,0.12672,0.33243,0.12504,0.1254,0.14502,0.12247,0.14866,0.13293,0.11963,0.40586,0.14038,0.13941,0.11903,0.11445,0.12564,0.14083,0.12611,0.45535,0.14216,0.15526,0.1282,0.14356,0.1183,0.13004,0.13568,0.52057,0.72523,0.15175,0.12719,0.13844,0.11801,0.12955,0.13215,0.70348,0.22432,0.15541,0.14682,0.12447,0.11074,0.13083,0.12835,0.41056,0.15499,0.1215,0.1294,0.15421,0.14039,0.1742,0.15514
0.13042,0.1684,0.14502,0.12323,0.14004,0.12933,0.11811,0.14169,0.13602,0.21905,0.13032,0.12293,0.12981,0.12861,0.12953,0.12579,0.23231,0.18219,0.13336,0.13836,0.11911,0.12287,0.12273,0.18083,0.43382,0.38906,0.13977,0.11492,0.12756,0.11784,0.13198,0.1478,0.47798,0.2049,0.16463,0.23028,0.16867,0.14164,0.13799,0.12396,0.11819,0.39882,0.15613,0.13064,0.12379,0.1487,0.12023,0.13269,0.15549,0.13707,0.12976,0.13251,0.12026,0.12988,0.13853,0.1151,0.40137,0.40586,0.13013,0.14425,0.12024,0.1266,0.13238,0.12188
0.44367,0.13397,0.17304,0.11891,0.12819,0.11026,0.12039,0.11854,0.77768,0.12052,0.1401,0.1402,0.13609,0.13188,0.12041,0.12815,0.50901,0.48521,0.12964,0.14908,0.12284,0.12724,0.12097,0.11548,0.35398,0.13301,0.13317,0.15058,0.14163,0.13326,0.12896,0.11351,0.15614,0.15221,0.11273,0.14981,0.12843,0.12594,0.11387,0.12625,0.60867,0.20911,0.13524,0.12944,0.15799,0.13398,0.12938,0.12989,0.5471,0.13617,0.11581,0.13811,0.12266,0.12494,0.11412,0.11496,0.92277,0.13961,0.15456,0.1927,0.12926,0.11493,0.14814,0.1362
0.99535,0.36872,0.18532,0.13589,0.1519,0.12684,0.14348,0.1398,0.21935,0.12961,0.12794,0.13222,0.22016,0.11979,0.11374,0.12353,0.2876,0.13337,0.1165,0.14111,0.12767,0.13361,0.12166,0.11962,0.20908,0.48045,0.17983,0.14768,0.12466,0.13059,0.1449,0.12624,0.6745,0.31928,0.16917,0.12915,0.15419,0.13422,0.13447,0.15772,0.86645,0.12909,0.24323,0.13505,0.12354,0.15922,0.11602,0.1461,0.94163,0.18782,0.12793,0.12997,0.15094,0.12103,0.14029,0.16226,0.30085,0.13888,0.13132,0.24252,0.12953,0.13767,0.12379,0.15281
0.12595,0.12321,0.19856,0.13784,0.13653,0.15456,0.12331,0.11392,0.19507,0.13615,0.16158,0.14244,0.1192,0.12404,0.11812,0.127,0.16142,0.13594,0.1308,0.12696,0.14598,0.118,0.12292,0.13578,0.97992,0.30113,0.13901,0.11717,0.14193,0.12493,0.14766,0.13693,0.51944,0.12307,0.13495,0.12934,0.11924,0.11961,0.11992,0.13954,0.99568,0.12336,0.26121,0.1506,0.12046,0.12928,0.13068,0.11999,0.32873,0.16646,0.16845,0.14508,0.15557,0.12644,0.19272,0.14828,0.97702,0.44703,0.12306,0.1544,0.12602,0.13719,0.12284,0.12543
0.2567,0.17696,0.15432,0.14593,0.16772,0.12759,0.12752,0.1356,0.16328,0.13266,0.13563,0.12697,0.11391,0.12653,0.13116,0.18124,0.99619,0.18173,0.11433,0.12182,0.11677,0.11576,0.12294,0.1395,0.17475,0.12418,0.13125,0.12423,0.12843,0.1478,0.12076,0.12931,0.93038,0.14877,0.58308,0.12187,0.12586,0.1277,0.12846,0.12328,0.97807,0.14022,0.33788,0.12082,0.13059,0.12601,0.13687,0.12615,0.5535,0.17158,0.12719,0.1305,0.14592,0.12765,0.12666,0.12868,0.8968,0.13774,0.13149,0.12599,0.18014,0.11712,0.12856,0.24621
0.49833,0.12581,0.26843,0.13512,0.13644,0.14361,0.11907,0.12821,0.99446,0.19344,0.13335,0.12383,0.13031,0.14494,0.16278,0.11575,0.13905,0.11588,0.12456,0.1355,0.13432,0.12696,0.12853,0.12365,0.16119,0.13713,0.12221,0.1244,0.15121,0.17905,0.13243,0.13194,0.36946,0.13877,0.12936,0.12814,0.11789,0.11893,0.12746,0.11372,0.78391,0.2248,0.15751,0.13554,0.12127,0.14328,0.12906,0.11902,0.72451,0.13113,0.13822,0.14798,0.11594,0.13914,0.13239,0.12975,0.14095,0.80747,0.19402,0.12566,0.12304,0.12205,0.14897,0.15041
0.2035,0.23627,0.11694,0.13525,0.12395,0.14892,0.1367,0.12168,0.79451,0.14924,0.13168,0.12291,0.12192,0.12381,0.1235,0.12643,0.1389,0.17983,0.12215,0.14431,0.12614,0.11874,0.12955,0.12226,0.39545,0.21415,0.15617,0.14159,0.12899,0.11605,0.11966,0.12491,0.69675,0.1622,0.13643,0.14113,0.12787,0.11951,0.15043,0.13671,0.60807,0.18904,0.12502,0.12041,0.11782,0.14692,0.14138,0.13372,0.30169,0.21464,0.12926,0.14684,0.11621,0.119,0.11879,0.11529,0.99603,0.11873,0.13084,0.14614,0.12895,0.12554,0.13056,0.13029
0.74856,0.68306,0.12744,0.11972,0.11231,0.1306,0.13598,0.1202,0.19519,0.16193,0.22028,0.11819,0.12824,0.12746,0.12746,0.13003,0.17357,0.14806,0.13083,0.12405,0.12173,0.12261,0.12008,0.11472,0.13294,0.234,0.12067,0.12263,0.11726,0.11633,0.12413,0.11717,0.99609,0.14097,0.1325,0.13478,0.15156,0.12579,0.11606,0.13498,0.29178,0.23505,0.12901,0.24605,0.12969,0.1282,0.11597,0.12885,0.35241,0.19057,0.15714,0.12203,0.13402,0.1374,0.12995,0.1118,0.64821,0.21574,0.11666,0.12248,0.13542,0.13379,0.12232,0.12878
0.1545,0.14448,0.11844,0.12788,0.12155,0.14215,0.12563,0.12003,0.13396,0.16603,0.16542,0.13162,0.12644,0.13857,0.11539,0.12707,0.14844,0.28622,0.16484,0.1749,0.12147,0.12082,0.11556,0.13107,0.65778,0.12734,0.1431,0.16252,0.15529,0.1138,0.11888,0.11702,0.99602,0.39793,0.11724,0.11947,0.13472,0.11515,0.1361,0.10979,0.13169,0.16235,0.16323,0.13254,0.19531,0.13247,0.14038,0.12764,0.60729,0.57808,0.14226,0.12742,0.12353,0.14348,0.14975,0.11305,0.24047,0.22776,0.11501,0.14787,0.16398,0.1224,0.13563,0.12582
0.15187,0.13427,0.14078,0.12977,0.11888,0.12831,0.11723,0.12914,0.19112,0.14629,0.12747,0.12271,0.11932,0.1263,0.11772,0.13336,0.15689,0.20322,0.11881,0.12925,0.12861,0.11398,0.12356,0.12697,0.40491,0.16647,0.13656,0.13057,0.12541,0.13737,0.11244,0.15122,0.3109,0.12435,0.16346,0.21898,0.15162,0.13607,0.13329,0.1343,0.49952,0.15296,0.12512,0.12093,0.14333,0.14022,0.12657,0.12142,0.43205,0.12881,0.21013,0.12305,0.12579,0.1205,0.1225,0.11843,0.8171,0.14009,0.12502,0.11802,0.13414,0.13308,0.1466,0.12847
0.47234,0.1419,0.15486,0.14905,0.14848,0.12873,0.12946,0.12278,0.27068,0.3441,0.13175,0.13152,0.12064,0.12391,0.12349,0.1191,0.1947,0.19133,0.14152,0.17559,0.12164,0.12563,0.13534,0.12843,0.33917,0.16623,0.12058,0.1429,0.12344,0.11824,0.11533,0.13213,0.98849,0.19768,0.14932,0.12926,0.1346,0.11656,0.11664,0.12111,0.12343,0.39587,0.19385,0.25605,0.13534,0.1169,0.14338,0.1295,0.47447,0.13253,0.17643,0.12915,0.11506,0.13499,0.11535,0.14107,0.73575,0.16451,0.12559,0.1329,0.12656,0.12348,0.13734,0.1734
0.16594,0.14519,0.1303,0.12725,0.12634,0.13806,0.12017,0.12307,0.62439,0.1408,0.11707,0.11477,0.12678,0.13006,0.12152,0.1213,0.29226,0.12604,0.1717,0.13044,0.13901,0.13403,0.1267,0.12217,0.12752,0.24122,0.12013,0.1327,0.11644,0.12203,0.11358,0.15209,0.13582,0.15933,0.11734,0.1419,0.14631,0.13775,0.12008,0.12134,0.99583,0.19274,0.14025,0.12712,0.12293,0.13283,0.13339,0.12623,0.35657,0.14996,0.13018,0.15154,0.11984,0.14189,0.12718,0.1724,0.98856,0.13611,0.13282,0.13336,0.14352,0.16278,0.12396,0.10882
